{
  "timestamp": "2025-11-03T02:07:19.306423",
  "original_file": "/home/hemi/Te-Puna-o-Nga-Matauranga/kaitiaki-intake/raw/Māori data sovereignty explained.html",
  "processed_file": "/home/hemi/Te-Puna-o-Nga-Matauranga/kaitiaki-intake/processed/Māori data sovereignty explained.md",
  "file_hash": "ada21f7287ec26096f95a5ee96388c62",
  "cultural_contexts": [
    "tikanga",
    "sovereignty",
    "data",
    "protocol",
    "environment",
    "community"
  ],
  "mime_type": "text/html",
  "recommended_kaitiaki": [
    "te_rongo",
    "aotahi",
    "ranginui",
    "rongokarere",
    "kitenga",
    "whiro",
    "hinewai",
    "mataroa",
    "rongohia"
  ],
  "processing_status": "ready_for_kaitiaki",
  "taonga_level": "high_taonga"
}